<?xml version="1.0" encoding="UTF-8"?>
<window>
    <menucontrol>9000</menucontrol>
    <background>0</background>
    <defaultcontrol always="true">50</defaultcontrol>
    <views>50,55,51</views>
    <controls>
        <include>GlobalBackground</include>
        <include>Furniture_Header</include>
        <include>Furniture_Clock</include>
        <include>Furniture_NowPlaying</include>
        <include>Furniture_Weather</include>
        <include>PVRView_50</include>
        <include>PVRView_51</include>
        <include>PVRView_55</include>
        <include>PVRSideBlade</include>

        <control type="image">
            <posx>-175</posx>
            <posy>-650</posy>
            <width>400</width>
            <height>180</height>
            <aspectratio>keep</aspectratio>
            <texture colordiffuse="FFFFFFFF">special://skin/extras/logo.png</texture>
        </control>

        <control type="label">
            <posx>230</posx>
            <posy>-600</posy>
            <width>250</width>
            <height>80</height>
            <font>font50</font>
            <label>| My Recordings</label>
            <textcolor>white</textcolor>
            <align>right</align>
        </control>


        <control type="label">
            <posx>1725</posx>
            <posy>-615</posy>
            <width>250</width>
            <height>80</height>
            <font>font50</font>
            <label>$INFO[System.Time(hh:mm)]</label>
            <textcolor>white</textcolor>
            <align>right</align>
        </control>
        <control type="label">
            <posx>1725</posx>
            <posy>-565</posy>
            <width>250</width>
            <height>60</height>
            <font>font20</font>
            <label>$INFO[System.Date]</label>
            <textcolor>grey</textcolor>
            <align>right</align>
        </control>
    </controls>

</window>
